GeneSet,Term,Coef,P_value,CI_low,CI_high,Adj_P
PI3K_AKT,Intercept,-0.013462408577775394,0.0002988400938853132,-0.020756256204538446,-0.006168560951012342,0.0007269083364777888
PI3K_AKT,"C(disease, Treatment('HC'))[T.BD]",0.055055479168010894,3.463739363732352e-18,0.0426786170111273,0.06743234132489448,2.0782436182394113e-17
PI3K_AKT,"C(disease, Treatment('HC'))[T.CD]",0.000613894109825818,0.9015761611816173,-0.009116652692306874,0.010344440911958509,0.9217942196329014
PI3K_AKT,"C(disease, Treatment('HC'))[T.Colitis]",-0.0017222379004413549,0.87950268047345,-0.023991439599148685,0.020546963798265976,0.9204097818908198
PI3K_AKT,"C(disease, Treatment('HC'))[T.UC]",0.03766882389155575,1.3687063716791497e-14,0.028099412922018376,0.047238234861093124,7.698973340695217e-14
PI3K_AKT,C3_C5_Signaling_score,0.03769849877143536,0.0003310251428859345,0.017122327092362496,0.058274670450508215,0.0007639041758906181
PI3K_AKT,"C3_C5_Signaling_score:C(disease, Treatment('HC'))[T.BD]",0.07048455010108416,0.00012044315109266271,0.034572216137447376,0.10639688406472095,0.00031882010583351896
PI3K_AKT,"C3_C5_Signaling_score:C(disease, Treatment('HC'))[T.CD]",0.01293985508380332,0.318705961601895,-0.012497726765930117,0.038377436933536756,0.40399347245310635
PI3K_AKT,"C3_C5_Signaling_score:C(disease, Treatment('HC'))[T.Colitis]",-0.05851484059112779,0.15075860580180747,-0.13833806458871262,0.021308383406457028,0.22997075461292665
PI3K_AKT,"C3_C5_Signaling_score:C(disease, Treatment('HC'))[T.UC]",0.03526608378282227,0.011748768125475246,0.007835635667972667,0.06269653189767187,0.022028940235266088
MAPK_ERK,Intercept,0.4225344609673304,2.858269072999351e-255,0.3993088101925774,0.44576011174208335,5.1448843313988325e-254
MAPK_ERK,"C(disease, Treatment('HC'))[T.BD]",0.013628608699786146,0.4978678757347058,-0.025782781947896814,0.053039999347469106,0.5819234911184873
MAPK_ERK,"C(disease, Treatment('HC'))[T.CD]",-0.28818363131388364,1.5636098826563488e-72,-0.3191684137549749,-0.2571988488727924,1.4072488943907141e-71
MAPK_ERK,"C(disease, Treatment('HC'))[T.Colitis]",-0.026616378280266806,0.4618784539303359,-0.09752774470214091,0.0442949881416073,0.5469613270227662
MAPK_ERK,"C(disease, Treatment('HC'))[T.UC]",-0.045278238393482745,0.0035931641620008847,-0.0757499192773896,-0.014806557509575897,0.007349653967729083
MAPK_ERK,C3_C5_Signaling_score,0.3055463245237803,8.003531866493168e-20,0.24002603918823456,0.371066609859326,5.145127628459894e-19
MAPK_ERK,"C3_C5_Signaling_score:C(disease, Treatment('HC'))[T.BD]",-0.1845888996369927,0.0015615227430059147,-0.29894381487887967,-0.07023398439510574,0.003346120163584103
MAPK_ERK,"C3_C5_Signaling_score:C(disease, Treatment('HC'))[T.CD]",-0.24980753677963552,1.5676057209177272e-09,-0.33080791172965307,-0.16880716182961797,6.4129324946634295e-09
MAPK_ERK,"C3_C5_Signaling_score:C(disease, Treatment('HC'))[T.Colitis]",-0.37520214339902885,0.003819753117280468,-0.6293816134334954,-0.1210226733645623,0.007639506234560936
MAPK_ERK,"C3_C5_Signaling_score:C(disease, Treatment('HC'))[T.UC]",-0.17721809169129696,7.042910280266738e-05,-0.26456431019095766,-0.08987187319163625,0.000198081851632502
NFkB,Intercept,0.21925483866210782,3.213386758272078e-107,0.2000651125558811,0.23844456476833453,3.2133867582720776e-106
NFkB,"C(disease, Treatment('HC'))[T.BD]",0.2005812289316005,3.149125542929296e-33,0.16801836129317646,0.23314409657002452,2.361844157196972e-32
NFkB,"C(disease, Treatment('HC'))[T.CD]",-0.13258563182461205,4.812680660138062e-24,-0.1581861841739095,-0.1069850794753146,3.331855841634043e-23
NFkB,"C(disease, Treatment('HC'))[T.Colitis]",0.04524055320482333,0.13015102033721024,-0.013348534896563576,0.10382964130621022,0.20550161105875303
NFkB,"C(disease, Treatment('HC'))[T.UC]",0.08706775380559062,1.3100823937967719e-11,0.061891141282244155,0.11224436632893708,5.895370772085474e-11
NFkB,C3_C5_Signaling_score,0.2004887214638409,4.305268462307172e-13,0.14635390551467103,0.25462353741301075,2.2792597741626206e-12
NFkB,"C3_C5_Signaling_score:C(disease, Treatment('HC'))[T.BD]",0.0586005281061237,0.2240931586695103,-0.03588291710170701,0.1530839733139544,0.3102828350808604
NFkB,"C3_C5_Signaling_score:C(disease, Treatment('HC'))[T.CD]",-0.10595190609111144,0.0019206179257414825,-0.1728768342607092,-0.03902697792151366,0.00401989798411008
NFkB,"C3_C5_Signaling_score:C(disease, Treatment('HC'))[T.Colitis]",-0.2475950105459587,0.020855061730645524,-0.4576056775921291,-0.03758434349978826,0.03830521542363464
NFkB,"C3_C5_Signaling_score:C(disease, Treatment('HC'))[T.UC]",-0.0529446166342016,0.1504390429319482,-0.12511267020905134,0.019223436940648146,0.22997075461292665
Rho_GTPase,Intercept,0.1871383829130926,0.0,0.17882177131374707,0.1954549945124381,0.0
Rho_GTPase,"C(disease, Treatment('HC'))[T.BD]",-0.003397419898116108,0.6369938680895767,-0.017509800721612935,0.010714960925380719,0.7077709645439741
Rho_GTPase,"C(disease, Treatment('HC'))[T.CD]",0.02416081874508349,1.991855645759568e-05,0.013065827110537219,0.03525581037962976,5.7828067134955204e-05
Rho_GTPase,"C(disease, Treatment('HC'))[T.Colitis]",-0.05040554180974691,0.00010061491257502245,-0.07579739404368596,-0.02501368957580786,0.0002744043070227885
Rho_GTPase,"C(disease, Treatment('HC'))[T.UC]",-0.014779270288770331,0.007943811105859637,-0.0256905311678899,-0.0038680094096507633,0.015211553181433347
Rho_GTPase,C3_C5_Signaling_score,0.07116228343683204,2.8863005243849693e-09,0.04770086268704793,0.09462370418661614,1.0823626966443635e-08
Rho_GTPase,"C3_C5_Signaling_score:C(disease, Treatment('HC'))[T.BD]",-0.0383617767185741,0.06632742578319496,-0.07930983986506165,0.002586286427913455,0.10853578764522812
Rho_GTPase,"C3_C5_Signaling_score:C(disease, Treatment('HC'))[T.CD]",-0.020840916819194158,0.1590094275650231,-0.04984542844273631,0.008163594804347994,0.23460407345659143
Rho_GTPase,"C3_C5_Signaling_score:C(disease, Treatment('HC'))[T.Colitis]",-0.17695806805835898,0.00013945067319142296,-0.2679743306081272,-0.08594180550859075,0.0003585874453493733
Rho_GTPase,"C3_C5_Signaling_score:C(disease, Treatment('HC'))[T.UC]",-0.0021697019250447383,0.8918340509622384,-0.03344652516579088,0.029107121315701402,0.9217942196329014
PLC_PKC,Intercept,0.07073975217941597,5.022041414733921e-108,0.0645728642212496,0.07690664013758235,5.649796591575662e-107
PLC_PKC,"C(disease, Treatment('HC'))[T.BD]",-0.02575308783542779,1.435827576535331e-06,-0.03621762261884,-0.015288553052015586,4.456016616833786e-06
PLC_PKC,"C(disease, Treatment('HC'))[T.CD]",0.0026102551262494823,0.5339890617731182,-0.005616841869890688,0.010837352122389652,0.6083419691086157
PLC_PKC,"C(disease, Treatment('HC'))[T.Colitis]",0.03537395357697625,0.00023236028765571948,0.016545527371604172,0.054202379782348334,0.0005809007191392986
PLC_PKC,"C(disease, Treatment('HC'))[T.UC]",0.007706339723510078,0.06192373905216634,-0.00038451825633709774,0.015797197703357253,0.10320623175361057
PLC_PKC,C3_C5_Signaling_score,0.06328095428519324,1.1039148024438278e-12,0.045883970985563835,0.08067793758482265,5.2290701168391844e-12
PLC_PKC,"C3_C5_Signaling_score:C(disease, Treatment('HC'))[T.BD]",-0.019340891667717488,0.21182704148159773,-0.049704473579872996,0.011022690244438017,0.2978817770834968
PLC_PKC,"C3_C5_Signaling_score:C(disease, Treatment('HC'))[T.CD]",0.06583084527120087,2.0723994001917047e-09,0.04432357980291872,0.08733811073948301,8.109388957271888e-09
PLC_PKC,"C3_C5_Signaling_score:C(disease, Treatment('HC'))[T.Colitis]",0.048616205697491255,0.15796366345808893,-0.01887367125668145,0.11610608265166396,0.23460407345659143
PLC_PKC,"C3_C5_Signaling_score:C(disease, Treatment('HC'))[T.UC]",0.007842908409207799,0.5074044467018464,-0.015349309035242096,0.031035125853657693,0.5854666692713612
JAK_STAT,Intercept,-0.026053529236460028,1.8097847859054934e-07,-0.03583135072759833,-0.01627570774532173,5.817165383267658e-07
JAK_STAT,"C(disease, Treatment('HC'))[T.BD]",0.049983994955000256,3.686011681811065e-09,0.03339210066502593,0.06657588924497458,1.3269642054519834e-08
JAK_STAT,"C(disease, Treatment('HC'))[T.CD]",0.08053289099433283,2.273241908559523e-33,0.06748853436514946,0.09357724762351621,1.8599251979123371e-32
JAK_STAT,"C(disease, Treatment('HC'))[T.Colitis]",0.0064415768002788285,0.6723172576511429,-0.023411566575126053,0.036294720175683706,0.7290187131156971
JAK_STAT,"C(disease, Treatment('HC'))[T.UC]",0.008716690023383999,0.18290225342214134,-0.004111654771227753,0.021545034817995752,0.2655032710966568
JAK_STAT,C3_C5_Signaling_score,0.07886996505468458,2.163207463238494e-08,0.05128642561923351,0.10645350449013564,7.210691544128314e-08
JAK_STAT,"C3_C5_Signaling_score:C(disease, Treatment('HC'))[T.BD]",-0.027861658226490692,0.25662562055559135,-0.07600420366960388,0.020280887216622495,0.34994402803035185
JAK_STAT,"C3_C5_Signaling_score:C(disease, Treatment('HC'))[T.CD]",0.11349753371530868,7.31650421413244e-11,0.07939699484741698,0.1475980725832004,3.135644663199617e-10
JAK_STAT,"C3_C5_Signaling_score:C(disease, Treatment('HC'))[T.Colitis]",-0.008646730337010827,0.8741439612204698,-0.11565434484100467,0.09836088416698302,0.9204097818908198
JAK_STAT,"C3_C5_Signaling_score:C(disease, Treatment('HC'))[T.UC]",-0.024400945132508338,0.1933672893432363,-0.06117303564133622,0.012371145376319545,0.27623898477605185
JNK_Pathway,Intercept,-0.010867063958299217,0.0014278154914223527,-0.017544470533445627,-0.004189657383152806,0.0031342291275124816
JNK_Pathway,"C(disease, Treatment('HC'))[T.BD]",0.005098975441023406,0.3777216168734938,-0.006231853632346284,0.016429804514393097,0.46568418518649923
JNK_Pathway,"C(disease, Treatment('HC'))[T.CD]",0.0038756139447800866,0.3937665586158132,-0.005032553667320962,0.012783781556881136,0.4789052739922053
JNK_Pathway,"C(disease, Treatment('HC'))[T.Colitis]",-0.03749800888628099,0.00031367864800985087,-0.05788512436434343,-0.01711089340821856,0.0007429231137075416
JNK_Pathway,"C(disease, Treatment('HC'))[T.UC]",-0.00837930657149595,0.060837965362524817,-0.01713995677946099,0.0003813436364690885,0.10320623175361057
JNK_Pathway,C3_C5_Signaling_score,0.02099255867867343,0.028951124397767505,0.002155386435447198,0.03982973092189966,0.05109021952547207
JNK_Pathway,"C3_C5_Signaling_score:C(disease, Treatment('HC'))[T.BD]",-0.038517947191936276,0.021669398298088376,-0.07139514276944572,-0.005640751614426821,0.039004916936559074
JNK_Pathway,"C3_C5_Signaling_score:C(disease, Treatment('HC'))[T.CD]",0.012101738119235862,0.3083811721531554,-0.011185981201357654,0.03538945743982938,0.3964900784826284
JNK_Pathway,"C3_C5_Signaling_score:C(disease, Treatment('HC'))[T.Colitis]",-0.04103464415960022,0.2710361759714181,-0.11411159175240371,0.03204230343320327,0.3640784453347407
JNK_Pathway,"C3_C5_Signaling_score:C(disease, Treatment('HC'))[T.UC]",-0.011686686648427633,0.3616479371145842,-0.036798844726590826,0.013425471429735557,0.45205992139323026
p38_Pathway,Intercept,-0.027785629844011613,8.635249814720022e-13,-0.035388130433371696,-0.02018312925465153,4.317624907360011e-12
p38_Pathway,"C(disease, Treatment('HC'))[T.BD]",0.031531033459357635,1.6925431135598603e-06,0.018630420962754846,0.04443164595596043,5.077629340679581e-06
p38_Pathway,"C(disease, Treatment('HC'))[T.CD]",0.008577521315005368,0.09738989254901285,-0.0015647919856688047,0.01871983461567954,0.15651947016805637
p38_Pathway,"C(disease, Treatment('HC'))[T.Colitis]",0.01261713937292085,0.28665543545174016,-0.010594425729945942,0.03582870447578764,0.3793968998625973
p38_Pathway,"C(disease, Treatment('HC'))[T.UC]",0.010624298998382253,0.0368305680855446,0.0006499402979355338,0.020598657698828973,0.06374521399421182
p38_Pathway,C3_C5_Signaling_score,-0.0034850135600508585,0.7500838755439456,-0.024931904874717397,0.01796187775461568,0.803661295225656
p38_Pathway,"C3_C5_Signaling_score:C(disease, Treatment('HC'))[T.BD]",0.02008012353598026,0.29302233304091374,-0.01735190878699415,0.05751215585895467,0.382203043096844
p38_Pathway,"C3_C5_Signaling_score:C(disease, Treatment('HC'))[T.CD]",0.037303892388581644,0.0058301419916914074,0.010789871133887803,0.06381791364327549,0.01140679954896145
p38_Pathway,"C3_C5_Signaling_score:C(disease, Treatment('HC'))[T.Colitis]",-0.004714754715645272,0.9115520616369803,-0.08791584946562953,0.07848634003433899,0.9217942196329014
p38_Pathway,"C3_C5_Signaling_score:C(disease, Treatment('HC'))[T.UC]",0.011925547871599832,0.413581158305135,-0.016665671554806468,0.04051676729800613,0.49629738996616196
C3_C5_Signaling,Intercept,6.626643678231403e-16,3.827422562308114e-242,6.25169995147767e-16,7.001587404985136e-16,5.741133843462172e-241
C3_C5_Signaling,"C(disease, Treatment('HC'))[T.BD]",-1.6202317265623378e-15,0.0,-1.6838555786098016e-15,-1.556607874514874e-15,0.0
C3_C5_Signaling,"C(disease, Treatment('HC'))[T.CD]",-1.497933721505973e-15,0.0,-1.5479540628681406e-15,-1.4479133801438053e-15,0.0
C3_C5_Signaling,"C(disease, Treatment('HC'))[T.Colitis]",-3.122502256758253e-17,0.5928708737717288,-1.4570091929603398e-16,8.325087416086892e-17,0.6669797329931949
C3_C5_Signaling,"C(disease, Treatment('HC'))[T.UC]",-6.557254739192331e-16,1.9629585910525156e-143,-7.04917488824934e-16,-6.065334590135322e-16,2.5238039027818056e-142
C3_C5_Signaling,C3_C5_Signaling_score,1.000000000000001,0.0,1.000000000000001,1.000000000000001,0.0
C3_C5_Signaling,"C3_C5_Signaling_score:C(disease, Treatment('HC'))[T.BD]",4.163336342344337e-17,0.6584352815872703,-1.429757074233837e-16,2.2624243427027044e-16,0.7226728700348088
C3_C5_Signaling,"C3_C5_Signaling_score:C(disease, Treatment('HC'))[T.CD]",-2.220446049250313e-16,0.0008770574462120948,-3.528077114004938e-16,-9.128149844956886e-17,0.0019733792539772133
C3_C5_Signaling,"C3_C5_Signaling_score:C(disease, Treatment('HC'))[T.Colitis]",0.0,1.0,-4.103351018375299e-16,4.103351018375299e-16,1.0
C3_C5_Signaling,"C3_C5_Signaling_score:C(disease, Treatment('HC'))[T.UC]",-4.163336342344337e-16,7.445729636724087e-09,-5.573411650878161e-16,-2.753261033810513e-16,2.5773679511737228e-08
